{"pass-hand pass-not accurate": 0.006104079508592832, "free kick-shot free kick-accurate": 0.16556055669608044, "duel-ground loose ball duel-accurate": -0.0022797050815223973, "save attempt-normal save-not accurate": -0.42553280400457705, "pass-simple pass-key pass": 0.017554267455217085, "free kick-normal free kick-not accurate": 0.060781548868404485, "foul-late card foul": -0.03370307931556485, "pass-launch pass-accurate": 0.005561633118351111, "foul-violent foul-yellow card": -0.08499476139480829, "others on the ball-touch-missed ball": -0.012838835728089658, "foul-simulation foul-second yellow card": 1.6263032587282567e-19, "foul-hand foul-red card": 0.0013109061172479732, "free kick-corner free kick": 0.08016906617294506, "duel-ground defending duel-not accurate": -0.002049498934155417, "goalkeeper leaving line-goalkeeping leaving line": 0.015904445279449512, "duel-air duel-not accurate": -0.0120276489519676, "free kick-shot free kick-not accurate": -0.07279453832798777, "foul-protest foul-yellow card": -0.06428738973402737, "pass-smart pass-not accurate": -0.00429449875124199, "pass-smart pass-key pass": 0.0063057746470843445, "others on the ball-touch-assist": 0.026970849258730365, "others on the ball-touch": -0.0027301706444644303, "pass-head pass": 0.009544871115493021, "others on the ball-clearance-not accurate": 0.0144766482351452, "free kick-throw in free kick-accurate": -0.0001342639714902119, "foul-normal foul-yellow card": -0.024146143134190997, "others on the ball-accelleration": 0.026846919713627085, "free kick-throw in free kick-not accurate": 0.01372083046178605, "pass-head pass-key pass": -0.12441069507408864, "others on the ball-accelleration-not accurate": 0.030148972310574933, "foul-simulation foul": 0.04621022557391423, "free kick-cross free kick-not accurate": -0.02459771071258554, "foul-hand foul": -0.03547729207286539, "pass-hand pass-accurate": 0.0017932252718953665, "pass-smart pass-accurate": 0.0059282638559882955, "foul-protest foul-second yellow card": 0.009069045862862288, "pass-cross pass-not accurate": -0.006933456480458921, "free kick-corner free kick-accurate": 0.020603446132578744, "shot-shot-accurate": 0.1754955896913132, "others on the ball-touch-opportunity": 0.02669972146306358, "others on the ball-touch-dangerous ball lost": -0.03397605831244983, "foul-hand foul-yellow card": -0.045267043887416376, "save attempt-reflexes save-not accurate": -0.7039067275727059, "foul-normal foul": 0.010090271724832716, "pass-simple pass": 0.002096743751026507, "others on the ball-accelleration-accurate": 0.01735139867629019, "foul-out of game foul-second yellow card": -0.007888150071905981, "pass-simple pass-not accurate": -0.005452129069326629, "free kick-normal free kick-accurate": 0.010632367538986321, "foul-out of game foul": -0.03692628229369808, "free kick-goal free kick": 9.947192866332915e-05, "others on the ball-touch-interception": 0.005721113457238761, "pass-high pass-not accurate": -0.012505139016178828, "pass-launch pass-not accurate": 0.004927637168404857, "foul-normal foul-red card": -0.18295263782656862, "duel-air duel-accurate": -0.0018295085315318336, "foul-protest foul-red card": -0.04657125911178159, "duel-ground attacking duel-not accurate": -0.0038908046777954034, "duel-ground attacking duel-accurate": 0.0034572188142683556, "free kick-cross free kick-accurate": -0.04762994215769191, "pass-launch pass-key pass": -0.009093518509686293, "pass-cross pass-key pass": 0.039738011030425575, "pass-launch pass": 0.01969118196784455, "pass-high pass-accurate": 0.0006721307594753296, "foul-late card foul-yellow card": -0.09954402831818464, "foul-hand foul-second yellow card": -0.03014334058270504, "save attempt-normal save-accurate": 0.15077223316501454, "pass-hand pass": -0.03848457634654216, "free kick-throw in free kick": -0.01881865147401994, "foul-normal foul-second yellow card": -0.14067585967047558, "pass-simple pass-accurate": 0.001187195665457998, "free kick-penalty free kick-not accurate": 0.013860736306426551, "pass-head pass-not accurate": -0.00836056375444369, "free kick-cross free kick": -0.03103661066505527, "foul-violent foul": 0.009380873509269524, "save attempt-reflexes save-accurate": 0.10753429722039537, "foul-violent foul-second yellow card": 0.002775701634340102, "foul-simulation foul-yellow card": -0.015940439270735088, "others on the ball-touch-feint": 0.0335008154140774, "pass-cross pass-accurate": -0.022091458263017276, "shot-shot-not accurate": -0.0009687603488826794, "free kick-normal free kick": 0.011401453620812362, "others on the ball-clearance-accurate": 0.0001710964376700893, "others on the ball-touch-counter attack": 0.014636238637773892, "pass-high pass-key pass": 0.02111263297078004, "duel-ground defending duel-accurate": 0.0042514834201843104, "others on the ball-clearance": 0.022828523997398466, "free kick-corner free kick-not accurate": 0.005241859558642145, "foul-out of game foul-yellow card": -0.021066822038235896, "foul-violent foul-red card": 0.03229207009334947, "foul-out of game foul-red card": -0.07120516502129012, "duel-ground loose ball duel-not accurate": -0.004422864751696969, "pass-head pass-accurate": 0.00527772771889198}